[
  {
    "name": "Reinforced Emerald Staff",
    "tooltip": "Oh god an op summoner weapon",
    "item_function": "spawner.lua",
    "item_image": "ItemTextures/tools_1_16.png",
    "spritesheet_x": 0,
    "spritesheet_y": 80,
    "item_resolution": 16,
    "item_size": 2,
    "use_speed": 1,
    "stackable": false,
    "stats": {
    },
    "tags": [
    ]
  },
  {
    "name": "Labradorite Pickaxe",
    "tooltip": "Oh boy a mod that adds a PICKAXE??? how ORIGINAL.",
    "item_function": "Pickaxe.lua",
    "item_image": "ItemTextures/tools_1_16.png",
    "spritesheet_x": 0,
    "spritesheet_y": 64,
    "item_resolution": 16,
    "item_size": 1,
    "use_speed": 1,
    "stackable": false,
    "stats": {
      "pickaxe_strength": 5,
      "pickaxe_speed": 10,
      "pickaxe_range": 9,
      "swing_speed_visual": 1
    },
    "tags": [
    ]
  },
  {
    "name": "Labradorite Shovel",
    "tooltip": "'Craftable in the graveyard biome!'",
    "item_function": "shovel.lua",
    "item_image": "ItemTextures/tools_1_16.png",
    "spritesheet_x": 0,
    "spritesheet_y": 112,
    "item_resolution": 16,
    "item_size": 1,
    "use_speed": 1,
    "stackable": false,
    "stats": {
      "pickaxe_strength": 4,
      "pickaxe_speed": 6,
      "pickaxe_range": 7,
      "swing_speed_visual": 0.8
    },
    "tags": [
    ]
  },
  {
    "name": "BIG FUCKING GUN",
    "tooltip": "mmm... gun.",
    "item_function": "gun.lua",
    "item_image": "ItemTextures/tools_1_16.png",
    "spritesheet_x": 0,
    "spritesheet_y": 128,
    "item_resolution": 16,
    "item_size": 1,
    "use_speed": 5,
    "stackable": false,
    "stats": {
      "damage": 30,
      "crit_chance": 5,
      "projectile_speed": 64,
      "projectiles_collide_with_blocks": 1,
      "projectiles_collide_with_mobs": 1,
      "projectiles_collide_with_players": 0
    },
    "tags": [
      "bullet"
    ]
  }
]