[
    {
        "projectile_name": "Empty Bullet",
        "projectile_function": "EmptyBullet.lua",
        "projectile_spritesheet": "",
        "spritesheet_x": 0,
        "spritesheet_y": 0,
        "projectile_resolution": 1,
        "projectile_size": 1,
        "simulation_ticks": 1,
        "collides_with_blocks": true,
        "damage": 0,
        "speed": 0,
        "pierces": 0,
        "bounces": 0,
        "bounce_amount": 0,
        "drag": 0,
        "drop": 0,
        "stats": {
        }
    }
]